samp,DOC,breadth,map.perc
F_100,28.5189,0.998106,99.89
F_101,31.6346,0.997375,99.92
F_102,38.1102,0.998219,99.92
F_103,33.8839,0.998092,99.91
F_104,30.1834,0.997946,99.91
F_105,36.7151,0.998006,99.92
F_106,28.3572,0.99744,99.91
F_107,31.6541,0.998562,99.91
F_108,32.8993,0.999039,99.87
F_109,36.087,0.999328,99.87
F_10,40.731,0.99915,99.88
F_110,33.0452,0.999003,99.87
F_111,34.9937,0.999043,99.86
F_112,33.5389,0.999012,99.88
F_113,38.158,0.998239,99.90
F_114,37.6424,0.998223,99.91
F_115,37.9715,0.976342,99.86
F_116,37.0155,0.998983,99.91
F_117,41.7478,0.999023,99.87
F_118,37.416,0.999177,99.87
F_119,33.4331,0.998434,99.91
F_11,37.5804,0.998565,99.90
F_120,38.2455,0.998387,99.91
F_121,32.9957,0.998161,99.90
F_122,31.2387,0.997981,99.91
F_123,30.8154,0.996752,99.92
F_124,34.6907,0.998768,99.90
F_125,29.9694,0.998789,99.90
F_126,35.8698,0.998537,99.91
F_127,28.2537,0.998397,99.86
F_128,35.9797,0.998247,99.90
F_129,38.8527,0.999292,99.87
F_12,35.2957,0.99816,99.90
F_130,34.5858,0.997969,99.92
F_131,38.2237,0.997796,99.94
F_132,33.9895,0.998987,99.88
F_133,34.8191,0.999114,99.89
F_134,34.9446,0.998845,99.90
F_135,38.9196,0.999134,99.88
F_136,35.2922,0.999195,99.87
F_137,34.7029,0.999105,99.86
F_138,41.1877,0.999186,99.89
F_139,39.4708,0.999265,99.87
F_13,34.1878,0.998424,99.89
F_140,39.6679,0.999316,99.87
F_141,27.7721,0.998705,99.88
F_142,33.7738,0.999076,99.88
F_14,33.6916,0.998565,99.90
F_15,33.8088,0.998679,99.66
F_16,32.4768,0.998111,99.89
F_17,30.6763,0.998102,99.91
F_18,35.8981,0.998277,99.91
F_19,31.9037,0.998407,99.90
F_1,30.8915,0.999038,99.86
F_20,37.7335,0.998406,99.92
F_21,37.4407,0.999048,99.87
F_22,32.6498,0.998263,99.90
F_23,31.8814,0.997676,99.91
F_24,30.1764,0.997457,99.91
F_25,35.8981,0.998163,99.92
F_27,36.6596,0.998165,99.91
F_28,29.9103,0.99734,99.91
F_29,34.4531,0.997656,99.91
F_2,33.8973,0.998876,99.88
F_30,34.5524,0.998964,99.85
F_31,29.3979,0.997746,99.89
F_32,30.3938,0.997771,99.90
F_33,27.8117,0.998431,99.85
F_34,29.3748,0.99843,99.87
F_35,37.0867,0.998362,99.89
F_36,31.2775,0.998014,99.91
F_37,35.4148,0.99819,99.91
F_38,34.4656,0.998408,99.90
F_39,33.5996,0.998607,99.90
F_3,32.0286,0.998741,99.88
F_40,30.4861,0.998751,99.87
F_41,34.4431,0.998869,99.88
F_42,33.8418,0.998416,99.89
F_43,31.5797,0.997814,99.91
F_44,31.4107,0.998247,99.89
F_45,33.7707,0.998524,99.89
F_46,39.1307,0.998179,99.90
F_47,34.7288,0.999068,99.87
F_48,29.878,0.998562,99.87
F_49,30.2667,0.998308,99.88
F_4,37.2521,0.999154,99.88
F_50,34.1691,0.998861,99.88
F_51,37.2408,0.998784,99.89
F_52,32.9766,0.998581,99.89
F_53,27.1905,0.998395,99.87
F_54,27.0251,0.998618,99.85
F_55,36.4701,0.998615,99.89
F_56,33.307,0.998575,99.88
F_57,21.3458,0.998604,99.44
F_58,34.7341,0.998532,99.88
F_59,37.1038,0.998666,99.89
F_5,32.1387,0.998126,99.90
F_60,29.9503,0.975757,99.87
F_61,32.3273,0.998024,99.91
F_62,39.1139,0.998223,99.92
F_63,28.6888,0.998106,99.90
F_64,37.9438,0.998206,99.91
F_65,35.5054,0.998174,99.90
F_66,32.1947,0.997651,99.90
F_67,34.2445,0.997907,99.91
F_68,33.8496,0.99786,99.92
F_69,28.2961,0.995174,99.91
F_70,35.851,0.997994,99.91
F_71,31.6112,0.998649,99.90
F_72,41.2112,0.999218,99.89
F_73,39.1311,0.999199,99.86
F_74,40.3165,0.999181,99.88
F_75,38.1268,0.998787,99.91
F_76,36.5622,0.999143,99.87
F_77,32.8881,0.99905,99.87
F_78,38.7553,0.999064,99.89
F_79,30.1839,0.997791,99.90
F_7,32.8504,0.998132,99.91
F_80,34.373,0.998685,99.90
F_81,32.2905,0.998938,99.87
F_82,37.2264,0.997856,99.91
F_84,31.0143,0.997763,99.91
F_85,41.6097,0.998303,99.91
F_86,35.8841,0.998951,99.87
F_87,32.9635,0.998387,99.87
F_88,31.0777,0.998808,99.90
F_89,29.7156,0.998143,99.88
F_8,32.7433,0.998568,99.88
F_90,34.8589,0.975062,99.90
F_91,28.9673,0.997126,99.91
F_92,29.3102,0.997662,99.90
F_93,29.2825,0.975504,99.74
F_94,37.2524,0.998227,99.90
F_95,25.2461,0.997754,99.89
F_96,32.1856,0.997914,99.91
F_97,33.0879,0.998308,99.91
F_98,35.3573,0.99791,99.90
F_99,34.9094,0.975187,99.90
F_9,32.1561,0.998095,99.90
M_100,35.0113,0.974778,99.92
M_101,33.7382,0.974715,99.91
M_102,33.9939,0.974978,99.90
M_103,31.3174,0.974546,99.90
M_104,30.7725,0.974485,99.90
M_106,34.7484,0.974825,99.90
M_107,39.2346,0.975264,99.91
M_108,32.8406,0.975113,99.91
M_109,37.161,0.974778,99.91
M_10,35.7194,0.975601,99.90
M_110,31.4357,0.973828,99.92
M_111,39.1336,0.974666,99.93
M_112,31.7431,0.974291,99.92
M_113,48.7814,0.977407,99.91
M_115,37.3178,0.976495,99.88
M_116,37.933,0.976445,99.87
M_117,32.0375,0.975441,99.91
M_118,32.2821,0.97453,99.91
M_119,32.2076,0.975064,99.90
M_11,29.4872,0.975118,99.89
M_120,32.8212,0.998508,99.90
M_121,28.2547,0.974675,99.90
M_122,33.1652,0.97541,99.89
M_123,33.5901,0.97483,99.90
M_125,31.2712,0.976308,99.87
M_126,32.7268,0.975469,99.91
M_127,37.7636,0.974697,99.92
M_128,33.2686,0.975734,99.88
M_129,35.5343,0.976484,99.87
M_12,32.7821,0.974962,99.89
M_130,35.1238,0.976035,99.90
M_131,34.9557,0.976427,99.89
M_132,27.6295,0.975874,99.86
M_133,33.0463,0.974686,99.85
M_134,31.701,0.974444,99.91
M_135,34.8727,0.975022,99.90
M_136,33.1758,0.976118,99.89
M_137,28.6122,0.975463,99.88
M_138,37.572,0.976405,99.90
M_139,34.4106,0.973814,99.91
M_13,30.9379,0.974056,99.91
M_140,34.1762,0.974535,99.92
M_141,33.1889,0.974862,99.89
M_142,32.8576,0.976229,97.04
M_143,30.372,0.976134,99.87
M_144,36.5997,0.976219,99.89
M_145,33.7738,0.975909,99.89
M_146,29.256,0.976326,99.85
M_147,37.8439,0.97663,99.87
M_148,35.7556,0.976423,99.87
M_149,34.4096,0.975477,99.90
M_14,33.4857,0.97406,99.89
M_16,30.4764,0.975282,99.78
M_17,34.3625,0.974951,99.89
M_18,34.4319,0.975361,99.87
M_19,33.6462,0.97443,99.91
M_1,29.4641,0.975143,99.88
M_20,35.5897,0.975319,99.90
M_21,36.1613,0.974846,99.91
M_22,34.9325,0.974757,99.90
M_23,29.4771,0.974508,99.90
M_25,33.6658,0.974856,99.89
M_26,40.8442,0.976369,99.92
M_27,28.6549,0.97492,99.89
M_28,35.112,0.976005,99.90
M_29,35.3182,0.974809,99.91
M_2,33.733,0.975122,99.91
M_30,31.989,0.974844,99.91
M_31,5.50963,0.948309,99.90
M_32,32.5825,0.974648,99.92
M_33,27.8478,0.973987,99.89
M_34,43.2022,0.97605,99.91
M_35,34.1231,0.975928,99.87
M_36,25.9668,0.974502,99.89
M_37,36.7058,0.975315,99.91
M_38,37.7027,0.976416,99.88
M_39,34.6609,0.975201,99.90
M_3,31.5555,0.975168,99.90
M_40,34.0966,0.975118,99.89
M_41,31.6904,0.975099,99.90
M_42,32.2936,0.974686,99.90
M_43,35.1483,0.976037,99.85
M_44,30.0644,0.973339,99.89
M_45,36.5393,0.975536,99.90
M_46,38.1327,0.975758,99.91
M_47,37.1747,0.97605,99.90
M_48,28.4183,0.975266,99.86
M_49,32.0666,0.974559,99.91
M_4,32.9667,0.974467,99.90
M_50,34.2273,0.97515,99.90
M_51,33.0894,0.975005,99.88
M_52,36.6765,0.976279,99.87
M_53,31.0879,0.975519,99.85
M_54,35.0761,0.975433,99.91
M_55,34.7356,0.975179,99.90
M_56,34.915,0.974856,99.88
M_57,33.9617,0.974684,99.89
M_58,27.9943,0.974113,99.90
M_59,33.0584,0.974749,99.90
M_5,32.9598,0.974468,99.91
M_60,33.3329,0.975555,99.90
M_61,32.1058,0.974722,99.92
M_62,31.481,0.974741,99.91
M_63,32.2738,0.974235,99.91
M_64,24.9126,0.97416,99.89
M_66,38.8789,0.975387,99.90
M_67,30.2025,0.974724,99.91
M_69,35.9493,0.97478,99.91
M_6,34.482,0.974937,99.91
M_70,32.5183,0.974398,99.90
M_71,34.9009,0.974837,99.91
M_72,33.9234,0.974867,99.90
M_73,35.1386,0.97458,99.91
M_74,36.2904,0.97583,99.90
M_75,30.8806,0.974083,99.91
M_76,31.2256,0.97356,99.91
M_77,36.9963,0.97582,99.90
M_78,37.195,0.975426,99.92
M_79,31.8484,0.97396,99.91
M_7,32.7465,0.975036,99.90
M_80,30.8511,0.974419,99.91
M_81,35.0045,0.975249,99.90
M_82,35.6115,0.974818,99.91
M_83,29.8251,0.974942,99.89
M_84,32.8511,0.974342,99.91
M_85,32.6263,0.974609,99.91
M_86,36.9454,0.975794,99.90
M_87,30.6495,0.974953,99.89
M_88,30.3666,0.974575,99.90
M_89,32.4189,0.997226,99.91
M_8,29.6408,0.974242,99.90
M_90,31.0737,0.974187,99.90
M_91,34.0155,0.974634,99.90
M_92,31.2533,0.974144,99.90
M_93,28.5884,0.974266,99.89
M_94,36.1343,0.974943,99.91
M_95,38.2244,0.975166,99.91
M_96,31.8233,0.974532,99.90
M_97,30.1694,0.973957,99.90
M_98,18.9089,0.972106,99.87
M_99,28.8346,0.973934,99.89
M_9,37.0621,0.97533,99.90
U_10,26.9472,0.975194,99.85
U_11,25.5876,0.975,99.86
U_12,30.5733,0.975285,99.88
U_13,35.4438,0.998351,99.90
U_14,32.9713,0.975178,99.89
U_15,33.8215,0.975848,99.79
U_16,31.2352,0.975259,99.89
U_17,31.3299,0.975344,99.88
U_18,29.7075,0.97552,99.87
U_19,35.1268,0.976147,99.83
U_1,33.3725,0.97593,99.88
U_20,34.2464,0.976066,99.87
U_21,30.3506,0.975909,99.88
U_22,30.7419,0.975454,99.87
U_23,34.6696,0.975746,99.90
U_24,32.3569,0.998341,99.90
U_25,33.3615,0.976226,99.86
U_26,36.0121,0.976467,99.88
U_27,33.7464,0.975393,99.90
U_28,35.9348,0.97612,99.90
U_29,32.6281,0.975633,99.88
U_2,28.9275,0.998564,99.85
U_33,37.2815,0.975422,99.92
U_35,33.8558,0.975688,99.89
U_36,31.0497,0.997141,99.92
U_3,47.8063,0.99915,99.86
U_4,22.3155,0.97437,99.85
U_5,29.4901,0.998656,99.86
U_6,40.7032,0.999064,99.86
U_8,35.0574,0.976069,99.89
U_9,32.3771,0.974939,99.91
